ID,NAME,QUANTITY,COST
0,,0,0.00
0,,0,0.00
0,,0,0.00
0,,0,0.00
0,,0,0.00
0,,0,0.00
0,,0,0.00
0,,0,0.00
0,,0,0.00
0,,0,0.00
0,,0,0.00
0,,0,0.00
0,,0,0.00
0,,0,0.00
0,,0,0.00
0,,0,0.00
0,,0,0.00
0,,0,0.00
0,,0,0.00
0,,0,0.00
0,,0,0.00
0,,0,0.00
0,,0,0.00
0,,0,0.00
0,,0,0.00
0,,0,0.00
0,,0,0.00
0,,0,0.00
0,,0,0.00
0,,0,0.00
0,,0,0.00
0,,0,0.00
0,,0,0.00
0,,0,0.00
0,,0,0.00
0,,0,0.00
0,,0,0.00
0,,0,0.00
0,,0,0.00
0,,0,0.00
0,,0,0.00
0,,0,0.00
0,,0,0.00
0,,0,0.00
0,,0,0.00
0,,0,0.00
0,,0,0.00
0,,0,0.00
0,,0,0.00
0,,0,0.00
0,,0,0.00
0,,0,0.00
0,,0,0.00
0,,0,0.00
0,,0,0.00
0,,0,0.00
0,,0,0.00
0,,0,0.00
0,,0,0.00
0,,0,0.00
0,,0,0.00
0,,0,0.00
0,,0,0.00
0,,0,0.00
0,,0,0.00
0,,0,0.00
0,,0,0.00
0,,0,0.00
0,,0,0.00
0,,0,0.00
0,,0,0.00
0,,0,0.00
0,,0,0.00
0,,0,0.00
0,,0,0.00
0,,0,0.00
0,,0,0.00
0,,0,0.00
0,,0,0.00
0,,0,0.00
0,,0,0.00
0,,0,0.00
0,,0,0.00
0,,0,0.00
0,,0,0.00
0,,0,0.00
0,,0,0.00
0,,0,0.00
0,,0,0.00
0,,0,0.00
0,,0,0.00
0,,0,0.00
0,,0,0.00
0,,0,0.00
0,,0,0.00
0,,0,0.00
0,,0,0.00
0,,0,0.00
0,,0,0.00
0,,0,0.00
